{"stats":{"minecraft:used":{"minecraft:flint_and_steel":1,"minecraft:grass_block":5,"dungeons_mod:leniador_spawn_egg":1,"minecraft:obsidian":18},"minecraft:dropped":{"minecraft:flint":1},"minecraft:custom":{"minecraft:time_since_rest":9599,"minecraft:open_chest":8,"minecraft:crouch_one_cm":51,"minecraft:play_time":11218,"minecraft:sprint_one_cm":5500,"minecraft:walk_one_cm":17322,"minecraft:damage_taken":320,"minecraft:deaths":1,"minecraft:sneak_time":63,"minecraft:walk_under_water_one_cm":1513,"minecraft:drop":1,"minecraft:jump":96,"minecraft:damage_dealt":30,"minecraft:leave_game":2,"minecraft:time_since_death":9543,"minecraft:walk_on_water_one_cm":3134,"minecraft:total_world_time":11218,"minecraft:swim_one_cm":7819,"minecraft:fall_one_cm":3154,"minecraft:fly_one_cm":134328},"minecraft:picked_up":{"minecraft:cooked_mutton":4}},"DataVersion":3120}