{"stats":{"minecraft:used":{"minecraft:grass_block":5},"minecraft:custom":{"minecraft:jump":84,"minecraft:time_since_rest":4158,"minecraft:deaths":1,"minecraft:damage_taken":320,"minecraft:sprint_one_cm":4391,"minecraft:leave_game":1,"minecraft:play_time":5777,"minecraft:walk_on_water_one_cm":2950,"minecraft:time_since_death":4102,"minecraft:walk_one_cm":3644,"minecraft:sneak_time":18,"minecraft:total_world_time":5777,"minecraft:walk_under_water_one_cm":1513,"minecraft:swim_one_cm":7819,"minecraft:fall_one_cm":3154,"minecraft:fly_one_cm":75580}},"DataVersion":3120}